{
  "model_name": "halfmarathon_linear.joblib",
  "features": [
    "t5k_s",
    "age",
    "sex_M"
  ],
  "n_rows": 17907,
  "mae_sec": 299.14810216668053,
  "rmse_sec": 408.0742359583902,
  "mae_min": 4.985801702778009,
  "rmse_min": 6.80123726597317,
  "coef": {
    "t5k_s": 4.613135213731653,
    "age": 1.2004118439666844,
    "sex_M": 8.082468096177667
  },
  "intercept": -377.1867875979324,
  "years": [
    2023,
    2024
  ]
}